"Species","P_Value"
"regreg",0.806903010438411
"aegcau",0.333333333333333
"erirub",0.166666666666667
"poepal",0.107142857142857
"cerfam",0.596153846153846
"coccoc",1
"turili",1
"lopcri",1
"picvir",1
"turphi",1
"denmaj",1
